,name,price,adress,image_link
0,Fauteuil pliable,50000,"Parcelle Assainies, Dakar, Sénégal",https://images.coinafrique.com/thumb_5641122_uploaded_image2_1764104086.jpeg
1,Agneau pur sang ,Prixsurdemande,"Mbao, Dakar, Sénégal",https://images.coinafrique.com/thumb_5631456_uploaded_image1_1763631774.jpg
2,Mouton,125000,"Guediawaye, Dakar, Sénégal",https://images.coinafrique.com/thumb_5630109_uploaded_image1_1763563794.jpg
3,Mouton Ladoum ,800000,"Guediawaye, Dakar, Sénégal",https://images.coinafrique.com/thumb_5630102_uploaded_image1_1763563551.jpg
4,Moutons Ladoum,350000,"Thies, Sénégal",https://images.coinafrique.com/thumb_5613540_uploaded_image1_1762738491.jpg
5,Mouton Ladoum ,1000000,"Guediawaye, Dakar, Sénégal",https://images.coinafrique.com/thumb_5594186_uploaded_image1_1761667729.jpg
6,Mouton ladoum,1000000,"Guediawaye, Dakar, Sénégal",https://images.coinafrique.com/thumb_5590609_uploaded_image1_1761399893.jpg
7,Mouton Ladoum ,1000000,"Guediawaye, Dakar, Sénégal",https://images.coinafrique.com/thumb_5571703_uploaded_image1_1760360461.jpg
8,Mâles ladoum,300000,"Mbao, Dakar, Sénégal",https://images.coinafrique.com/thumb_5570235_uploaded_image1_1760269024.jpg
9,Mouton,200000,"Pikine, Sénégal",https://images.coinafrique.com/thumb_5561288_uploaded_image1_1759765735.jpg
10,Mouton Ladoum ,250000,"Mbour, Sénégal",https://images.coinafrique.com/thumb_5546272_uploaded_image1_1758985252.jpg
11,Mouton,200000,"Guediawaye, Dakar, Sénégal",https://images.coinafrique.com/thumb_5543556_uploaded_image1_1758817920.jpg
12,Mouton,550,"Rufisque, Sénégal",https://images.coinafrique.com/thumb_5521645_uploaded_image1_1757668518.jpg
13,Mouton,700000,"Guediawaye, Dakar, Sénégal",https://images.coinafrique.com/thumb_5514422_uploaded_image1_1757326730.jpg
14,Mouton Ladoum ,800000,"Thies, Sénégal",https://images.coinafrique.com/thumb_5513111_uploaded_image1_1757248013.jpg
15,Mouton Ladoum ,800000,"Malikounda, Sénégal",https://images.coinafrique.com/thumb_5454220_uploaded_image1_1754077895.jpg
16,Mouton  ladoum,550,"Rufisque, Sénégal",https://images.coinafrique.com/thumb_5430741_uploaded_image1_1752926224.jpg
17,Mouton  ladoum,100000,"Ouakam, Dakar, Sénégal",https://images.coinafrique.com/thumb_5416626_uploaded_image1_1752150844.jpg
18,Mouton ,550000,"Rufisque, Sénégal",https://images.coinafrique.com/thumb_5401936_uploaded_image1_1751443255.jpg
19,Ladoum Azowate,125000,"Ouakam, Dakar, Sénégal",https://images.coinafrique.com/thumb_5390051_uploaded_image1_1750779449.jpg
20,Mouton Ladoum,450000,"Rufisque, Sénégal",https://images.coinafrique.com/thumb_5362962_uploaded_image1_1749209010.jpg
21,Mouton,130000,"Keur Massar, Sénégal",https://images.coinafrique.com/thumb_5362037_uploaded_image1_1749137690.jpg
22,Mouton Ladoum ,500,"Thies, Sénégal",https://images.coinafrique.com/thumb_5355058_uploaded_image1_1748800702.jpg
23,Mouton de tabaski,200000,"Ouakam, Dakar, Sénégal",https://images.coinafrique.com/thumb_5351264_uploaded_image1_1748542637.jpg
24,Mouton,225000,"Guediawaye, Dakar, Sénégal",https://images.coinafrique.com/thumb_5349513_uploaded_image1_1748440101.jpg
25,Moutons,195000,"Grand Yoff, Dakar, Sénégal",https://images.coinafrique.com/thumb_5349203_uploaded_image1_1748427888.jpg
26,Mouton ,180000,"Keur Massar, Sénégal",https://images.coinafrique.com/thumb_5347115_uploaded_image1_1748302103.jpg
27,Mouton ,250000,"Ouakam, Dakar, Sénégal",https://images.coinafrique.com/thumb_5344905_uploaded_image1_1748196909.jpg
28,Mouton ladoum,600000,"Dakar Plateau, Dakar, Sénégal",https://images.coinafrique.com/thumb_5344681_uploaded_image1_1748183751.jpg
29,Mouton de tabaski,100000,"Keur Massar, Sénégal",https://images.coinafrique.com/thumb_5344147_uploaded_image1_1748126098.jpg
30,Moutons,225000,"Ouakam, Dakar, Sénégal",https://images.coinafrique.com/thumb_5342599_uploaded_image1_1748032725.jpg
31,Mouton,600,"Ouakam, Dakar, Sénégal",https://images.coinafrique.com/thumb_5342588_uploaded_image1_1748032353.jpg
32,Mouton,350000,"Parcelle Assainies, Dakar, Sénégal",https://images.coinafrique.com/thumb_5337516_uploaded_image1_1747772137.jpg
33,Mouton,275000,"Mbao, Dakar, Sénégal",https://images.coinafrique.com/thumb_5334872_uploaded_image1_1747644353.jpg
34,Mouton ,190000,"Mbao, Dakar, Sénégal",https://images.coinafrique.com/thumb_5334867_uploaded_image1_1747644110.jpg
35,Mouton Ladoum,800000,"Medina, Dakar, Sénégal",https://images.coinafrique.com/thumb_5334036_uploaded_image1_1747578346.jpg
36,Mouton de race,350000,"Guediawaye, Dakar, Sénégal",https://images.coinafrique.com/thumb_5333365_uploaded_image1_1747518081.jpg
37,Mouton de race,350000,"Guediawaye, Dakar, Sénégal",https://images.coinafrique.com/thumb_5333364_uploaded_image1_1747517896.jpg
38,Mouton,165000,"Mariste, Dakar, Sénégal",https://images.coinafrique.com/thumb_5331651_uploaded_image1_1747411805.jpg
39,Mouton Ladoum,850000,"Medina, Dakar, Sénégal",https://images.coinafrique.com/thumb_5328631_uploaded_image1_1747268349.jpg
40,Mouton Ladoum ,550000,"Keur Massar, Sénégal",https://images.coinafrique.com/thumb_5321660_uploaded_image1_1746897337.jpg
41,Mouton de tabaski,325000,"Guediawaye, Dakar, Sénégal",https://images.coinafrique.com/thumb_5316393_uploaded_image1_1746633254.jpg
42,Mouton de tabaski,325000,"Guediawaye, Dakar, Sénégal",https://images.coinafrique.com/thumb_5316327_uploaded_image1_1746631366.jpg
43,Mouton de tabaski,350000,"Guediawaye, Dakar, Sénégal",https://images.coinafrique.com/thumb_5316323_uploaded_image1_1746631293.jpg
44,Mouton Ladoum ,Prixsurdemande,"Guediawaye, Dakar, Sénégal",https://images.coinafrique.com/thumb_5311454_uploaded_image1_1746381105.jpg
45,Mouton Ladoum ,600000,"Guediawaye, Dakar, Sénégal",https://images.coinafrique.com/thumb_5311435_uploaded_image1_1746380521.jpg
46,Mouton ,375000,"Guediawaye, Dakar, Sénégal",https://images.coinafrique.com/thumb_5302025_uploaded_image1_1745854211.jpg
47,Mouton ,375000,"Guediawaye, Dakar, Sénégal",https://images.coinafrique.com/thumb_5302020_uploaded_image1_1745854071.jpg
48,Mouton Toubaberr,105000,"Guediawaye, Dakar, Sénégal",https://images.coinafrique.com/thumb_5271542_uploaded_image1_1744106341.jpg
49,Mouton de tabaski,400,"Guediawaye, Dakar, Sénégal",https://images.coinafrique.com/thumb_5289057_uploaded_image1_1745062997.jpg
50,Mouton de tabaski,350,"Guediawaye, Dakar, Sénégal",https://images.coinafrique.com/thumb_5289055_uploaded_image1_1745062842.jpg
51,Mouton,80000,"Dieuppeul-Derklé, Dakar, Sénégal",https://images.coinafrique.com/thumb_5288288_uploaded_image1_1744995144.jpg
52,Mouton,150000,"Dieuppeul-Derklé, Dakar, Sénégal",https://images.coinafrique.com/thumb_5288284_uploaded_image1_1744994723.jpg
53,Mouton,350000,"Bambey, Sénégal",https://images.coinafrique.com/thumb_5242287_uploaded_image2_1742488655.jpeg
54,Mouton,350000,"Guediawaye, Dakar, Sénégal",https://images.coinafrique.com/thumb_5234191_uploaded_image1_1742083080.jpg
55,Mouton de race,350000,"Guediawaye, Dakar, Sénégal",https://images.coinafrique.com/thumb_5228921_uploaded_image1_1741801692.jpg
56,Mouton,350000,"Guediawaye, Dakar, Sénégal",https://images.coinafrique.com/thumb_5228913_uploaded_image1_1741801582.jpg
57,Mouton ,300000,"Keur Massar, Sénégal",https://images.coinafrique.com/thumb_5200965_uploaded_image1_1740410729.jpg
58,Mouton ,350000,"Guediawaye, Dakar, Sénégal",https://images.coinafrique.com/thumb_5196558_uploaded_image1_1740141766.jpg
59,Mouton,325000,"Guediawaye, Dakar, Sénégal",https://images.coinafrique.com/thumb_5196554_uploaded_image1_1740141524.jpg
60,Mouton Ladoum ,300000,"Diourbel, Sénégal",https://images.coinafrique.com/thumb_5187810_uploaded_image1_1739676570.jpg
61,Mouton Ladoum ,300000,"Diourbel, Sénégal",https://images.coinafrique.com/thumb_5187800_uploaded_image1_1739674108.jpg
62,Mouton Ladoum ,300000,"Diourbel, Sénégal",https://images.coinafrique.com/thumb_5187761_uploaded_image1_1739669832.jpg
63,Mouton Ladoum ,300000,"Diourbel, Sénégal",https://images.coinafrique.com/thumb_5187749_uploaded_image1_1739669547.jpg
64,Ladoum,750000,"Guediawaye, Dakar, Sénégal",https://images.coinafrique.com/thumb_5179072_uploaded_image1_1739195002.jpg
65,Bélier,225000,"Guediawaye, Dakar, Sénégal",https://images.coinafrique.com/thumb_5179070_uploaded_image1_1739194872.jpg
66,Mouton,200000,"Biscuiterie, Dakar, Sénégal",https://images.coinafrique.com/thumb_5164450_uploaded_image1_1738427830.jpg
67,Mouton,180000,"Guediawaye, Dakar, Sénégal",https://images.coinafrique.com/thumb_5159269_uploaded_image1_1738163617.jpg
68,Mouton Ladoum,375000,"Parcelle Assainies, Dakar, Sénégal",https://images.coinafrique.com/thumb_5144166_uploaded_image1_1737393386.jpg
69,Mouton Ladoum ,1000000,"Guediawaye, Dakar, Sénégal",https://images.coinafrique.com/thumb_5114763_uploaded_image1_1735745896.jpg
70,Mouton,180000,"Guediawaye, Dakar, Sénégal",https://images.coinafrique.com/thumb_5114762_uploaded_image1_1735745550.jpg
71,Mouton,140000,"Guediawaye, Dakar, Sénégal",https://images.coinafrique.com/thumb_5090703_uploaded_image1_1734111129.jpg
72,Mouton Ladoum ,500000,"Rufisque, Sénégal",https://images.coinafrique.com/thumb_5026510_uploaded_image1_1730734414.jpg
73,Mouton Ladoum ,1000000,"Rufisque, Sénégal",https://images.coinafrique.com/thumb_5026478_uploaded_image1_1730733079.jpg
74,Mouton ,150000,"Niaga, Sénégal",https://images.coinafrique.com/thumb_4995716_uploaded_image1_1729028654.jpg
75,Mouton Ladoum ,350000,"Mbao, Dakar, Sénégal",https://images.coinafrique.com/thumb_4969224_uploaded_image1_1727728741.jpg
76,Mouton Ladoum ,350000,"Mbao, Dakar, Sénégal",https://images.coinafrique.com/thumb_4969221_uploaded_image1_1727728659.jpg
77,Mouton Ladoum ,650000,"Mbao, Dakar, Sénégal",https://images.coinafrique.com/thumb_4969219_uploaded_image1_1727728556.jpg
78,Femelle Ladoume ,200000,"Sicap Liberté, Dakar, Sénégal",https://images.coinafrique.com/thumb_4961186_uploaded_image1_1727261381.jpg
79,Landoum pur ,1200000,"Dakar, Sénégal",https://images.coinafrique.com/thumb_4948067_uploaded_image1_1726569636.jpg
80,Mouton Ladoum ,800000,"Dieuppeul-Derklé, Dakar, Sénégal",https://images.coinafrique.com/thumb_4931367_uploaded_image1_1725633697.jpg
81,Mouton Ladoum ,350000,"Mbour, Sénégal",https://images.coinafrique.com/thumb_4905476_uploaded_image1_1724281103.jpg
82,Ladoum Mix,250000,"Ouakam, Dakar, Sénégal",https://images.coinafrique.com/thumb_4885680_uploaded_image1_1723205050.jpg
83,Mouton,75000,"Yoff, Dakar, Sénégal",https://images.coinafrique.com/thumb_4879970_uploaded_image1_1722945913.jpg
84,Mouton ,Prixsurdemande,"Niaga, Sénégal",https://images.coinafrique.com/thumb_4853595_uploaded_image1_1721562658.jpg
85,Femelle ladoum noir et blanc,400000,"Mbao, Dakar, Sénégal",https://images.coinafrique.com/thumb_4852565_uploaded_image1_1721485586.jpg
86,Femelle Ladoum,400000,"Mbao, Dakar, Sénégal",https://images.coinafrique.com/thumb_4848659_uploaded_image1_1721291754.jpg
87,Mouton Ladoum,Prixsurdemande,"Sicap Liberté, Dakar, Sénégal",https://images.coinafrique.com/thumb_4840583_uploaded_image1_1720818332.jpg
88,Mouton,160000,"Mbao, Dakar, Sénégal",https://images.coinafrique.com/thumb_4789073_uploaded_image1_1718035599.jpg
89,Mouton,225000,"Mbao, Dakar, Sénégal",https://images.coinafrique.com/thumb_4794716_uploaded_image1_1718315507.jpg
90,Mouton tabaski,250000,"Mbao, Dakar, Sénégal",https://images.coinafrique.com/thumb_4786370_uploaded_image1_1717857322.jpg
91,Mouton ,225000,"Mbao, Dakar, Sénégal",https://images.coinafrique.com/thumb_4794035_uploaded_image1_1718284983.jpg
92,Mouton Tabaski,250000,"Mbao, Dakar, Sénégal",https://images.coinafrique.com/thumb_4785437_uploaded_image1_1717797271.jpg
93,Mouton,170000,"Mbao, Dakar, Sénégal",https://images.coinafrique.com/thumb_4785428_uploaded_image1_1717796909.jpg
94,Mouton tabaski Azawat,265000,"Mbao, Dakar, Sénégal",https://images.coinafrique.com/thumb_4785420_uploaded_image1_1717796700.jpg
95,Foin ,4700,"Keur Massar, Sénégal",https://images.coinafrique.com/thumb_4807498_uploaded_image1_1719210756.jpg
96,Mouton ladoum,Prixsurdemande,"Point E, Dakar, Sénégal",https://images.coinafrique.com/thumb_4754458_uploaded_image1_1716290235.jpg
97,Mouton,150,"Guediawaye, Dakar, Sénégal",https://images.coinafrique.com/thumb_4795886_uploaded_image1_1718392315.jpg
98,Moutons,320,"Guediawaye, Dakar, Sénégal",https://images.coinafrique.com/thumb_4792297_uploaded_image1_1718199825.jpg
99,Mouton,270000,"Grand Dakar, Dakar, Sénégal",https://images.coinafrique.com/thumb_4789672_uploaded_image1_1718065178.jpg
100,Bélier,300,"Guediawaye, Dakar, Sénégal",https://images.coinafrique.com/thumb_4788927_uploaded_image1_1718028874.jpg
101,Mouton,350000,"Parcelle Assainies, Dakar, Sénégal",https://images.coinafrique.com/thumb_4787372_uploaded_image1_1717941182.jpg
102,Mouton  ,195000,"Ouest Foire, Dakar, Sénégal",https://images.coinafrique.com/thumb_4787368_uploaded_image1_1717940799.jpg
103,Mouton Azawat,160000,"Hann Bel-Air, Dakar, Sénégal",https://images.coinafrique.com/thumb_4780599_uploaded_image1_1717584331.jpg
104,Mouton,275000,"Mbao, Dakar, Sénégal",https://images.coinafrique.com/thumb_4777249_uploaded_image1_1717432764.jpg
105,Moutons de Tabaski ,320,"Guediawaye, Dakar, Sénégal",https://images.coinafrique.com/thumb_4777233_uploaded_image1_1717432319.jpg
106,Moutons ,120000,"Dakar, Sénégal",https://images.coinafrique.com/thumb_4773721_uploaded_image1_1717238496.jpg
107,Mouton,125000,"Gassane, Sénégal",https://images.coinafrique.com/thumb_4769840_uploaded_image1_1717055825.jpg
108,Mouton,90000,"Niaga, Sénégal",https://images.coinafrique.com/thumb_4767940_uploaded_image1_1716976497.jpg
109,Mouton,300000,"Guediawaye, Dakar, Sénégal",https://images.coinafrique.com/thumb_4766880_uploaded_image1_1716912783.jpg
110,Mouton,Prixsurdemande,"Saint Louis, Sénégal",https://images.coinafrique.com/thumb_4757844_uploaded_image1_1716459279.jpg
111,Mouton,150000,"Diourbel, Sénégal",https://images.coinafrique.com/thumb_4748231_uploaded_image1_1715934057.jpg
112,Mouton,275000,"Sipres, Dakar, Sénégal",https://images.coinafrique.com/thumb_4747250_uploaded_image1_1715876701.jpg
113,Mouton,500,"Mbao, Dakar, Sénégal",https://images.coinafrique.com/thumb_4741757_uploaded_image1_1715629546.jpg
114,Mouton ,375000,"Guediawaye, Dakar, Sénégal",https://images.coinafrique.com/thumb_4741635_uploaded_image1_1715623935.jpg
115,Mouton,175000,"Dakar, Sénégal",https://images.coinafrique.com/thumb_4731309_uploaded_image1_1715104342.jpg
116,Mouton Ladoum,Prixsurdemande,"Biscuiterie, Dakar, Sénégal",https://images.coinafrique.com/thumb_4719240_uploaded_image1_1714554654.jpg
117,Mouton  ,300000,"Guediawaye, Dakar, Sénégal",https://images.coinafrique.com/thumb_4725591_uploaded_image1_1714828482.jpg
118,Mouton ,275,"Guediawaye, Dakar, Sénégal",https://images.coinafrique.com/thumb_4725589_uploaded_image1_1714828398.jpg
119,Mouton ,300000,"Guediawaye, Dakar, Sénégal",https://images.coinafrique.com/thumb_4725585_uploaded_image1_1714828278.jpg
120,Mouton,Prixsurdemande,"Biscuiterie, Dakar, Sénégal",https://images.coinafrique.com/thumb_4680580_uploaded_image1_1712496965.jpg
121,Mouton,190000,"Dakar, Sénégal",https://images.coinafrique.com/thumb_4721636_uploaded_image1_1714655385.jpg
122,Mouton,220000,"Dakar, Sénégal",https://images.coinafrique.com/thumb_4721626_uploaded_image1_1714655032.jpg
123,Mouton Azawat,280000,"Guediawaye, Dakar, Sénégal",https://images.coinafrique.com/thumb_4715180_uploaded_image1_1714322575.jpg
124,Mouton Ladoum,1300000,"Thies, Sénégal",https://images.coinafrique.com/thumb_4705081_uploaded_image2_1713794349.jpeg
125,Mouton,350000,"Guediawaye, Dakar, Sénégal",https://images.coinafrique.com/thumb_4703542_uploaded_image1_1713713023.jpg
126,Mouton Ladoum,500000,"Dakar, Sénégal",https://images.coinafrique.com/thumb_4703472_uploaded_image1_1713709692.jpg
127,Mouton soudanais,385000,"Guediawaye, Dakar, Sénégal",https://images.coinafrique.com/thumb_4678969_uploaded_image1_1712396340.jpg
128,Mouton tchadienne,275000,"Guediawaye, Dakar, Sénégal",https://images.coinafrique.com/thumb_4678964_uploaded_image1_1712396100.jpg
129,Mouton,320000,"Mbao, Dakar, Sénégal",https://images.coinafrique.com/thumb_4677640_uploaded_image1_1712323497.jpg
130,Mouton,250,"Dakar, Sénégal",https://images.coinafrique.com/thumb_4671961_uploaded_image1_1712077263.jpg
131,Mouton ,200000,"Guediawaye, Dakar, Sénégal",https://images.coinafrique.com/thumb_4666295_uploaded_image1_1711750194.jpg
132,Mouton ladoum ,Prixsurdemande,"Dakar, Sénégal",https://images.coinafrique.com/thumb_4635646_uploaded_image1_1710109869.jpg
133,Mouton  ladoum,750000,"Thies, Sénégal",https://images.coinafrique.com/thumb_4600147_uploaded_image1_1708304604.jpg
134,Mouton Ladoum métisse,175000,"Parcelle Assainies, Dakar, Sénégal",https://images.coinafrique.com/thumb_4574584_uploaded_image1_1706868441.jpg
135,Mouton,200000,"Guediawaye, Dakar, Sénégal",https://images.coinafrique.com/thumb_4536120_uploaded_image1_1704815810.jpg
136,Mouton,250000,"Thies, Sénégal",https://images.coinafrique.com/thumb_4530463_uploaded_image1_1704536315.jpg
137,Moutons ,500000,"Ouest Foire, Dakar, Sénégal",https://images.coinafrique.com/thumb_4501360_uploaded_image1_1702662448.jpg
138,Bélier,160000,"Guediawaye, Dakar, Sénégal",https://images.coinafrique.com/thumb_4484443_uploaded_image1_1701696864.jpg
139,Mouton Ladoum,300000,"Pikine, Sénégal",https://images.coinafrique.com/thumb_4465409_uploaded_image1_1700496107.jpg
140,Mouton,Prixsurdemande,"Keur Massar, Sénégal",https://images.coinafrique.com/thumb_4449743_uploaded_image1_1699479301.jpg
141,Mouton Ladoum ,1000000,"Dieuppeul-Derklé, Dakar, Sénégal",https://images.coinafrique.com/thumb_4444713_uploaded_image1_1699193772.jpg
142,Mouton Ladoum,300000,"Guediawaye, Dakar, Sénégal",https://images.coinafrique.com/thumb_4438683_uploaded_image1_1698850338.jpg
143,Mouton Ladoum ,300,"Guediawaye, Dakar, Sénégal",https://images.coinafrique.com/thumb_4438677_uploaded_image1_1698850236.jpg
144,Mouton,130000,"Guediawaye, Dakar, Sénégal",https://images.coinafrique.com/thumb_4438670_uploaded_image1_1698850115.jpg
145,Femelle Ladoum ,750000,"Mbao, Dakar, Sénégal",https://images.coinafrique.com/thumb_4437187_uploaded_image1_1698769870.jpg
146,Brebis,700000,"Dakar, Sénégal",https://images.coinafrique.com/thumb_4430520_uploaded_image1_1698276223.jpg
147,Mouton Brebis,700000,"Dakar, Sénégal",https://images.coinafrique.com/thumb_4423962_uploaded_image1_1697827433.jpg
148,Femelle Ladoum,Prixsurdemande,"Keur Massar, Sénégal",https://images.coinafrique.com/thumb_4384585_uploaded_image1_1695244150.jpg
149,Mouton,250000,"Lac rose, Sénégal",https://images.coinafrique.com/thumb_4372450_uploaded_image1_1694450195.jpg
150,Mouton,135000,"Lac rose, Sénégal",https://images.coinafrique.com/thumb_4332510_uploaded_image1_1691845002.jpg
151,Mouton,300000,"Guediawaye, Dakar, Sénégal",https://images.coinafrique.com/thumb_4324452_uploaded_image1_1691333001.jpg
152,Brebis,160000,"Guediawaye, Dakar, Sénégal",https://images.coinafrique.com/thumb_4324447_uploaded_image1_1691332476.jpg
153,Brebis,Prixsurdemande,"Thies, Sénégal",https://images.coinafrique.com/thumb_4312063_uploaded_image1_1690547414.jpg
154,Mouton ,350000,"Lac rose, Sénégal",https://images.coinafrique.com/thumb_4296534_uploaded_image1_1689514011.jpg
155,Mouton,250000,"Mbao, Dakar, Sénégal",https://images.coinafrique.com/thumb_4263827_uploaded_image1_1687286750.jpg
156,Mouton,265000,"Mbao, Dakar, Sénégal",https://images.coinafrique.com/thumb_4263826_uploaded_image1_1687286656.jpg
157,Mouton,295,"Mbao, Dakar, Sénégal",https://images.coinafrique.com/thumb_4263820_uploaded_image1_1687286438.jpg
158,Mouton Ladoum,500000,"Kaffrine, Sénégal",https://images.coinafrique.com/thumb_4295855_uploaded_image1_1689444388.jpg
159,Mouton ladoum,650000,"Keur Massar, Sénégal",https://images.coinafrique.com/thumb_4290166_uploaded_image1_1689087261.jpg
160,Moutons,350000,"Keur Massar, Sénégal",https://images.coinafrique.com/thumb_4286897_uploaded_image1_1688846757.jpg
161,Mouton,420000,"Grand Yoff, Dakar, Sénégal",https://images.coinafrique.com/thumb_4277689_uploaded_image1_1688305153.jpg
162,Mouton,Prixsurdemande,"Pikine, Sénégal",https://images.coinafrique.com/thumb_4249782_uploaded_image1_1686325226.jpg
163,Mouton,235000,"Ouest Foire, Dakar, Sénégal",https://images.coinafrique.com/thumb_4273458_uploaded_image1_1687961288.jpg
164,Mouton Tabaski,165000,"Keur Massar, Sénégal",https://images.coinafrique.com/thumb_4272920_uploaded_image1_1687908925.jpg
165,Moutons ,Prixsurdemande,"Guediawaye, Dakar, Sénégal",https://images.coinafrique.com/thumb_4272303_uploaded_image1_1687872936.jpg
166,Mouton  ,325000,"Saint Louis, Sénégal",https://images.coinafrique.com/thumb_4271944_uploaded_image1_1687853532.jpg
167,Mouton ,250000,"Dakar, Sénégal",https://images.coinafrique.com/thumb_4267338_uploaded_image1_1687474078.jpg
168,Mouton ladoum ,320000,"Mariste, Dakar, Sénégal",https://images.coinafrique.com/thumb_4266947_uploaded_image1_1687456034.jpg
169,Mouton,850000,"Ouest Foire, Dakar, Sénégal",https://images.coinafrique.com/thumb_4266788_uploaded_image1_1687450587.jpg
170,Mouton Ladoum,750000,"Biscuiterie, Dakar, Sénégal",https://images.coinafrique.com/thumb_4265814_uploaded_image1_1687398275.jpg
171,Mouton ,90000,"Dakar, Sénégal",https://images.coinafrique.com/thumb_4265763_uploaded_image1_1687391518.jpg
172,Mouton Azawat,400000,"Keur Massar, Sénégal",https://images.coinafrique.com/thumb_4265640_uploaded_image1_1687383347.jpg
173,Mouton,Prixsurdemande,"Louga, Sénégal",https://images.coinafrique.com/thumb_4264167_uploaded_image1_1687307074.jpg
174,Mouton,350000,"Guediawaye, Dakar, Sénégal",https://images.coinafrique.com/thumb_4263512_uploaded_image1_1687272550.jpg
175,Bélier,500000,"Rufisque, Sénégal",https://images.coinafrique.com/thumb_4261540_uploaded_image1_1687133074.jpg
176,Mouton ,145,"Diourbel, Sénégal",https://images.coinafrique.com/thumb_4261323_uploaded_image1_1687119871.jpg
177,Mouton,Prixsurdemande,"Medina, Dakar, Sénégal",https://images.coinafrique.com/thumb_4261058_uploaded_image2_1687100799.jpeg
178,Mouton,130,"Dakar, Sénégal",https://images.coinafrique.com/thumb_4260735_uploaded_image1_1687082949.jpg
179,Mouton,400000,"Mariste, Dakar, Sénégal",https://images.coinafrique.com/thumb_4260583_uploaded_image1_1687054565.jpg
180,Mouton ,115000,"Dakar, Sénégal",https://images.coinafrique.com/thumb_4260472_uploaded_image1_1687036105.jpg
181,Mouron,400000,"Mermoz-Sacré Coeur, Dakar, Sénégal",https://images.coinafrique.com/thumb_4260033_uploaded_image1_1687006073.jpg
182,Mouton ,250000,"Ouest Foire, Dakar, Sénégal",https://images.coinafrique.com/thumb_4259620_uploaded_image1_1686961537.jpg
183,Mouton ,700,"Louga, Sénégal",https://images.coinafrique.com/thumb_4259601_uploaded_image1_1686959085.jpg
184,Mouton ,135000,"Dakar, Sénégal",https://images.coinafrique.com/thumb_4259471_uploaded_image1_1686949364.jpg
185,Mouton,140000,"Diamniadio, Sénégal",https://images.coinafrique.com/thumb_4258464_uploaded_image1_1686868865.jpg
186,Mouton ,350000,"Mbao, Dakar, Sénégal",https://images.coinafrique.com/thumb_4224488_uploaded_image1_1684672341.jpg
187,Mouton ,13000,"Dakar, Sénégal",https://images.coinafrique.com/thumb_4257202_uploaded_image2_1686787473.jpeg
188,Mouton azwat,250000,"Keur Massar, Sénégal",https://images.coinafrique.com/thumb_4256261_uploaded_image1_1686746544.jpg
189,Bélier,475000,"Louga, Sénégal",https://images.coinafrique.com/thumb_4253138_uploaded_image1_1686569913.jpg
190,Mouton Ladoum,400000,"Mermoz-Sacré Coeur, Dakar, Sénégal",https://images.coinafrique.com/thumb_4252367_uploaded_image1_1686511140.jpg
191,Mouton,250000,"Colobane, Dakar, Sénégal",https://images.coinafrique.com/thumb_4252068_uploaded_image1_1686495864.jpg
192,Mouton,800000,"Louga, Sénégal",https://images.coinafrique.com/thumb_4251926_uploaded_image1_1686489428.jpg
193,Mouton,400000,"Mbao, Dakar, Sénégal",https://images.coinafrique.com/thumb_4250864_uploaded_image1_1686398265.jpg
194,Mouton Azawat,400000,"Keur Massar, Sénégal",https://images.coinafrique.com/thumb_4248460_uploaded_image1_1686248886.jpg
195,Mouton,Prixsurdemande,"Dakar, Sénégal",https://images.coinafrique.com/thumb_4247744_uploaded_image1_1686222678.jpg
196,Mouton,Prixsurdemande,"Dakar, Sénégal",https://images.coinafrique.com/thumb_4247742_uploaded_image1_1686222633.jpg
197,Mouton,Prixsurdemande,"Dakar, Sénégal",https://images.coinafrique.com/thumb_4247740_uploaded_image1_1686222597.jpg
198,Mouton,Prixsurdemande,"Dakar, Sénégal",https://images.coinafrique.com/thumb_4247736_uploaded_image1_1686222542.jpg
199,Moutons,350000,"Guediawaye, Dakar, Sénégal",https://images.coinafrique.com/thumb_4242585_uploaded_image1_1685904799.jpg
200,Mouton,250,"Guediawaye, Dakar, Sénégal",https://images.coinafrique.com/thumb_4242404_uploaded_image1_1685886566.jpg
201,Mouton ,450000,"Rufisque, Sénégal",https://images.coinafrique.com/thumb_4237665_uploaded_image1_1685571128.jpg
202,Bélier ,Prixsurdemande,"Point E, Dakar, Sénégal",https://images.coinafrique.com/thumb_4237485_uploaded_image2_1685558172.jpeg
203,Mouton,500000,"Fatick, Sénégal",https://images.coinafrique.com/thumb_4236443_uploaded_image1_1685486347.jpg
204,Mouton,380000,"Fatick, Sénégal",https://images.coinafrique.com/thumb_4231286_uploaded_image1_1685106907.jpg
205,Moutons,Prixsurdemande,"Parcelle Assainies, Dakar, Sénégal",https://images.coinafrique.com/thumb_4231235_uploaded_image1_1685104452.jpg
206,Mouton ,170000,"Ouest Foire, Dakar, Sénégal",https://images.coinafrique.com/thumb_4229136_uploaded_image1_1684963414.jpg
207,Mouton,800000,"Louga, Sénégal",https://images.coinafrique.com/thumb_4228472_uploaded_image1_1684932143.jpg
208,Mouton,8000000,"Louga, Sénégal",https://images.coinafrique.com/thumb_4228460_uploaded_image1_1684931869.jpg
209,Mouton,320000,"Guediawaye, Dakar, Sénégal",https://images.coinafrique.com/thumb_4227161_uploaded_image1_1684849083.jpg
210,Mouton,260000,"Diamniadio, Sénégal",https://images.coinafrique.com/thumb_4226905_uploaded_image1_1684839391.jpg
211,Mouton,160000,"Dakar, Sénégal",https://images.coinafrique.com/thumb_4223526_uploaded_image1_1684587013.jpg
212,Mouton,97000,"Dakar, Sénégal",https://images.coinafrique.com/thumb_4223524_uploaded_image1_1684586944.jpg
213,Mouton,160000,"Dakar, Sénégal",https://images.coinafrique.com/thumb_4223486_uploaded_image1_1684584830.jpg
214,Mouton,160000,"Dakar, Sénégal",https://images.coinafrique.com/thumb_4223484_uploaded_image1_1684584742.jpg
215,Mouton,160000,"Dakar, Sénégal",https://images.coinafrique.com/thumb_4223482_uploaded_image1_1684584677.jpg
216,Mouton,Prixsurdemande,"Dakar, Sénégal",https://images.coinafrique.com/thumb_4220644_uploaded_image1_1684400816.jpg
217,Brebis,500000,"Dakar, Sénégal",https://images.coinafrique.com/thumb_4213425_uploaded_image1_1683904439.jpg
218,Mouton,270000,"Grand Yoff, Dakar, Sénégal",https://images.coinafrique.com/thumb_4211097_uploaded_image1_1683765005.jpg
219,Mouton ,135000,"Pikine, Sénégal",https://images.coinafrique.com/thumb_4206601_uploaded_image1_1683485065.jpg
220,Moutons,180000,"Matam, Sénégal",https://images.coinafrique.com/thumb_4204058_uploaded_image1_1683299567.jpg
221,Moutons,Prixsurdemande,"Patte d'oie, Dakar, Sénégal",https://images.coinafrique.com/thumb_4202091_uploaded_image1_1683204935.jpg
222,Mouton,125000,"Dakar, Sénégal",https://images.coinafrique.com/thumb_4200797_uploaded_image1_1683131853.jpg
223,Mouton,150000,"Dakar, Sénégal",https://images.coinafrique.com/thumb_4198927_uploaded_image1_1683045296.jpg
224,Moutons,240000,"Biscuiterie, Dakar, Sénégal",https://images.coinafrique.com/thumb_4198569_uploaded_image1_1683033551.jpg
225,Mouton ,800000,"Louga, Sénégal",https://images.coinafrique.com/thumb_4198188_uploaded_image1_1683021884.jpg
226,Mouton,75000,"Mermoz-Sacré Coeur, Dakar, Sénégal",https://images.coinafrique.com/thumb_4196101_uploaded_image1_1682881390.jpg
227,Mouton ladoum,850000,"Almadies 2, Dakar, Sénégal",https://images.coinafrique.com/thumb_4195346_uploaded_image1_1682806636.jpg
228,Moutons,125000,"Pikine, Sénégal",https://images.coinafrique.com/thumb_4192844_uploaded_image1_1682618419.jpg
229,Moutons ,Prixsurdemande,"Patte d'oie, Dakar, Sénégal",https://images.coinafrique.com/thumb_4177437_uploaded_image1_1681517035.jpg
230,Brebis,75000,"Mermoz-Sacré Coeur, Dakar, Sénégal",https://images.coinafrique.com/thumb_4175237_uploaded_image1_1681390037.jpg
231,Mouton,Prixsurdemande,"Thies, Sénégal",https://images.coinafrique.com/thumb_4169738_uploaded_image1_1681049475.jpg
232,Mouton Azawat,150000,"Parcelle Assainies, Dakar, Sénégal",https://images.coinafrique.com/thumb_4160771_uploaded_image1_1680528476.jpg
233,Brebis ,95000,"Mermoz-Sacré Coeur, Dakar, Sénégal",https://images.coinafrique.com/thumb_4155201_uploaded_image1_1680182796.jpg
234,Mouton ladoum ,600000,"Louga, Sénégal",https://images.coinafrique.com/thumb_4152006_uploaded_image1_1679997359.jpg
235,Mouton ladoum,500000,"Grand Dakar, Dakar, Sénégal",https://images.coinafrique.com/thumb_4150306_uploaded_image1_1679880896.jpg
236,Mouton Ladoum Azawatt   ,400000,"Grand Dakar, Dakar, Sénégal",https://images.coinafrique.com/thumb_4150287_uploaded_image1_1679880266.jpg
237,Mouton ladoum,500000,"Parcelle Assainies, Dakar, Sénégal",https://images.coinafrique.com/thumb_4143070_uploaded_image1_1679409169.jpg
238,Brebis,110000,"Mermoz-Sacré Coeur, Dakar, Sénégal",https://images.coinafrique.com/thumb_4141471_uploaded_image1_1679321283.jpg
239,Mouton femelle Ladoum,400000,"HLM, Dakar, Sénégal",https://images.coinafrique.com/thumb_4127293_uploaded_image1_1678381991.jpg
240,Agnelle Ladoum,125000,"Mermoz-Sacré Coeur, Dakar, Sénégal",https://images.coinafrique.com/thumb_4124306_uploaded_image1_1678211736.jpg
241,Moutons,150000,"Parcelle Assainies, Dakar, Sénégal",https://images.coinafrique.com/thumb_4100015_uploaded_image1_1676717834.jpg
242,Moutons ,Prixsurdemande,"Keur Massar, Sénégal",https://images.coinafrique.com/thumb_4095794_uploaded_image1_1676464676.jpg
243,Moutons ,120000,"Pikine, Sénégal",https://images.coinafrique.com/thumb_4069918_uploaded_image1_1675008490.jpg
244,Moutons,130000,"Pikine, Sénégal",https://images.coinafrique.com/thumb_4067794_uploaded_image1_1674832065.jpg
245,Mouton ladoum,Prixsurdemande,"Cambérène, Dakar, Sénégal",https://images.coinafrique.com/thumb_4061084_uploaded_image1_1674422780.jpg
246,Mouton femelle Ladoum,Prixsurdemande,"Cambérène, Dakar, Sénégal",https://images.coinafrique.com/thumb_4061067_uploaded_image1_1674421753.jpg
247,Mouton  agnelle,350000,"Dakar, Sénégal",https://images.coinafrique.com/thumb_4060011_uploaded_image1_1674334569.jpg
248,Mouton ladoum,300000,"Diourbel, Sénégal",https://images.coinafrique.com/thumb_4055616_uploaded_image1_1674061476.jpg
249,Mouton Ladoum,300000,"Diourbel, Sénégal",https://images.coinafrique.com/thumb_4055594_uploaded_image1_1674060909.jpg
250,Mouton,90000,"Guediawaye, Dakar, Sénégal",https://images.coinafrique.com/thumb_4045236_uploaded_image1_1673453334.jpg
251,Mouton ladoum ,Prixsurdemande,"Keur Massar, Sénégal",https://images.coinafrique.com/thumb_4045097_uploaded_image1_1673450121.jpg
252,Brebis,125000,"Guediawaye, Dakar, Sénégal",https://images.coinafrique.com/thumb_4043309_uploaded_image1_1673359543.jpg
253,Moutons ,200000,"Guediawaye, Dakar, Sénégal",https://images.coinafrique.com/thumb_4042194_uploaded_image1_1673295765.jpg
254,Mouton ladoum,425000,"Niaga, Sénégal",https://images.coinafrique.com/thumb_4034404_uploaded_image1_1672852719.jpg
255,Mouton ,350000,"Thies, Sénégal",https://images.coinafrique.com/thumb_4030108_uploaded_image1_1672623884.jpg
256,Mouton,Prixsurdemande,"Yoff, Dakar, Sénégal",https://images.coinafrique.com/thumb_4029740_uploaded_image1_1672592204.jpg
257,Mouton,Prixsurdemande,"Yoff, Dakar, Sénégal",https://images.coinafrique.com/thumb_4029738_uploaded_image1_1672592085.jpg
258,Mouton ,Prixsurdemande,"Yoff, Dakar, Sénégal",https://images.coinafrique.com/thumb_4029736_uploaded_image1_1672591907.jpg
259,Mouton,385000,"Mbao, Dakar, Sénégal",https://images.coinafrique.com/thumb_4014306_uploaded_image1_1671394188.jpg
260,Mouton,120000,"Dakar, Sénégal",https://images.coinafrique.com/thumb_4012817_uploaded_image1_1671276487.jpg
261,Mouton,350000,"Sicap Liberté, Dakar, Sénégal",https://images.coinafrique.com/thumb_4009435_uploaded_image1_1671093107.jpg
262,Mouton,200000,"Guediawaye, Dakar, Sénégal",https://images.coinafrique.com/thumb_4009060_uploaded_image1_1671054917.jpg
263,Mouton,115000,"Mbao, Dakar, Sénégal",https://images.coinafrique.com/thumb_3978496_uploaded_image1_1669292801.jpg
264,Mouton,130000,"Ouest Foire, Dakar, Sénégal",https://images.coinafrique.com/thumb_3974793_uploaded_image1_1669059546.jpg
265,Mouton Ladoum,Prixsurdemande,"Yoff, Dakar, Sénégal",https://images.coinafrique.com/thumb_3973521_uploaded_image1_1668978922.jpg
266,Mouton Ladoum,Prixsurdemande,"Yoff, Dakar, Sénégal",https://images.coinafrique.com/thumb_3973513_uploaded_image1_1668978576.jpg
267,Mouton  ,375000,"Guediawaye, Dakar, Sénégal",https://images.coinafrique.com/thumb_3940258_uploaded_image1_1667000243.jpg
268,Mouton Ladoum,800000,"Guediawaye, Dakar, Sénégal",https://images.coinafrique.com/thumb_3940256_uploaded_image1_1667000061.jpg
269,Bélier,150000,"Guediawaye, Dakar, Sénégal",https://images.coinafrique.com/thumb_3936807_uploaded_image1_1666791545.jpg
270,Mouton,150000,"Guediawaye, Dakar, Sénégal",https://images.coinafrique.com/thumb_3936799_uploaded_image1_1666791400.jpg
271,Mouton ladoum ,1200000,"Dakar, Sénégal",https://images.coinafrique.com/thumb_3899374_uploaded_image1_1664534117.jpg
272,Mouton ,150000,"Guediawaye, Dakar, Sénégal",https://images.coinafrique.com/thumb_3934498_uploaded_image1_1666644087.jpg
273,Mouton ,8000000,"Dakar, Sénégal",https://images.coinafrique.com/thumb_3926191_uploaded_image1_1666128324.jpg
274,Mouton Ladoum ,Prixsurdemande,"Dakar, Sénégal",https://images.coinafrique.com/thumb_3925403_uploaded_image1_1666095613.jpg
275,Moutons,150000,"Mbour, Sénégal",https://images.coinafrique.com/thumb_3916727_uploaded_image1_1665570059.jpg
276,Mouton ,Prixsurdemande,"Pikine, Sénégal",https://images.coinafrique.com/thumb_3913122_uploaded_image1_1665344227.jpg
277,Moutons Jumeaux ladoums,600000,"Niaga, Sénégal",https://images.coinafrique.com/thumb_3911094_uploaded_image1_1665186116.jpg
278,Mouton,75000,"Pikine, Sénégal",https://images.coinafrique.com/thumb_3909426_uploaded_image1_1665077945.jpg
279,Moutons,150,"Guediawaye, Dakar, Sénégal",https://images.coinafrique.com/thumb_3899557_uploaded_image1_1664542375.jpg
280,Mouton ,350,"Pikine, Sénégal",https://images.coinafrique.com/thumb_3882575_uploaded_image1_1663511718.jpg
281,Femelle Demi Sang Ladoum ,Prixsurdemande,"Mermoz-Sacré Coeur, Dakar, Sénégal",https://images.coinafrique.com/thumb_3880622_uploaded_image1_1663343833.jpg
282,Femelle demi sang,Prixsurdemande,"Mermoz-Sacré Coeur, Dakar, Sénégal",https://images.coinafrique.com/thumb_3868827_uploaded_image1_1662632500.jpg
283,Mouton femelle,130,"Keur Massar, Sénégal",https://images.coinafrique.com/thumb_3861563_uploaded_image1_1662234024.jpg
284,Mouton,375,"Keur Massar, Sénégal",https://images.coinafrique.com/thumb_3861555_uploaded_image1_1662233780.jpg
285,Mouton,67000,"Pikine, Sénégal",https://images.coinafrique.com/thumb_3859898_uploaded_image1_1662147807.jpg
286,Mouton Ladoum,800000,"Mariste, Dakar, Sénégal",https://images.coinafrique.com/thumb_3848488_uploaded_image1_1661546736.jpg
287,Mouton Ladoum ,500000,"Mariste, Dakar, Sénégal",https://images.coinafrique.com/thumb_3848108_uploaded_image1_1661527150.jpg
288,Mouton,800000,"Thies, Sénégal",https://images.coinafrique.com/thumb_3848065_uploaded_image2_1661524823.jpeg
289,Mouton Ladoum ,950,"Louga, Sénégal",https://images.coinafrique.com/thumb_3838007_uploaded_image1_1660937421.jpg
290,Femelle Ladoum ,900000,"Ouest Foire, Dakar, Sénégal",https://images.coinafrique.com/thumb_3831016_uploaded_image1_1660570081.jpg
291,Moutons,Prixsurdemande,"Mermoz-Sacré Coeur, Dakar, Sénégal",https://images.coinafrique.com/thumb_3829183_uploaded_image1_1660422642.jpg
292,Moutons,325000,"Dakar, Sénégal",https://images.coinafrique.com/thumb_3772753_uploaded_image1_1657018572.jpg
293,Moutons tabaski,250000,"Dakar, Sénégal",https://images.coinafrique.com/thumb_3770553_uploaded_image1_1656895378.jpg
294,Moutons tabaski,175000,"Keur Massar, Sénégal",https://images.coinafrique.com/thumb_3770483_uploaded_image1_1656890670.jpg
295,Mouton ladoum,600000,"Saint Louis, Sénégal",https://images.coinafrique.com/thumb_3803984_uploaded_image1_1659036854.jpg
296,Mouton ,Prixsurdemande,"Niaga, Sénégal",https://images.coinafrique.com/thumb_3798119_uploaded_image1_1658707566.jpg
297,Mouton,450000,"Sicap Liberté, Dakar, Sénégal",https://images.coinafrique.com/thumb_3792885_uploaded_image1_1658354764.jpg
298,Mouton,265000,"Guediawaye, Dakar, Sénégal",https://images.coinafrique.com/thumb_3789649_uploaded_image1_1658166591.jpg
299,Moutons ,100000,"Mermoz-Sacré Coeur, Dakar, Sénégal",https://images.coinafrique.com/thumb_3778560_uploaded_image1_1657347778.jpg
300,Mouton,245000,"HLM, Dakar, Sénégal",https://images.coinafrique.com/thumb_3775626_uploaded_image1_1657151175.jpg
301,Mouton,200000,"Dakar, Sénégal",https://images.coinafrique.com/thumb_3775053_uploaded_image1_1657123954.jpg
302,Jeune male ladoum,600000,"Guédiawaye, Yeumbeul, Sénégal",https://images.coinafrique.com/thumb_3774954_uploaded_image1_1657120709.jpg
303,Mouton   ,Prixsurdemande,"Parcelle Assainies, Dakar, Sénégal",https://images.coinafrique.com/thumb_3773998_uploaded_image1_1657074180.jpg
304,Femelle ladoum,500000,"Guédiawaye, Yeumbeul, Sénégal",https://images.coinafrique.com/thumb_3773634_uploaded_image1_1657045364.jpg
305,Mouton,165000,"Pikine, Sénégal",https://images.coinafrique.com/thumb_3772510_uploaded_image1_1657011459.jpg
306,Mouton,165000,"Pikine, Sénégal",https://images.coinafrique.com/thumb_3772508_uploaded_image1_1657011343.jpg
307,Moutons ,250000,"Keur Massar, Sénégal",https://images.coinafrique.com/thumb_3771973_uploaded_image1_1656961715.jpg
308,Moutons,180000,"Keur Massar, Sénégal",https://images.coinafrique.com/thumb_3770153_uploaded_image2_1656874517.jpeg
309,Mouton ,150000,"Pikine, Sénégal",https://images.coinafrique.com/thumb_3770132_uploaded_image1_1656873303.jpg
310,Mouton,145000,"Saint Louis, Sénégal",https://images.coinafrique.com/thumb_3769737_uploaded_image1_1656853836.jpg
311,Mouton ,170000,"Pikine, Sénégal",https://images.coinafrique.com/thumb_3769060_uploaded_image1_1656793894.jpg
312,Mouton  ,Prixsurdemande,"Mbao, Dakar, Sénégal",https://images.coinafrique.com/thumb_3768092_uploaded_image1_1656757797.jpg
313,Mouton ,450000,"Thies, Sénégal",https://images.coinafrique.com/thumb_3768066_uploaded_image1_1656756594.jpg
314,Mouton,Prixsurdemande,"Biscuiterie, Dakar, Sénégal",https://images.coinafrique.com/thumb_3767182_uploaded_image1_1656700018.jpg
315,Mouton,95000,"Pikine, Sénégal",https://images.coinafrique.com/thumb_3766973_uploaded_image1_1656692454.jpg
316,Mouton ,Prixsurdemande,"Guediawaye, Dakar, Sénégal",https://images.coinafrique.com/thumb_3763895_uploaded_image1_1656536029.jpg
317,Mouton,Prixsurdemande,"Guediawaye, Dakar, Sénégal",https://images.coinafrique.com/thumb_3763572_uploaded_image1_1656517572.jpg
318,Mouton ladoum,900,"Keur Massar, Sénégal",https://images.coinafrique.com/thumb_3763242_uploaded_image1_1656504769.jpg
319,Mouton,250000,"Dakar, Sénégal",https://images.coinafrique.com/thumb_3763032_uploaded_image1_1656495783.jpg
320,Moutons,350000,"Saint Louis, Sénégal",https://images.coinafrique.com/thumb_3762005_uploaded_image1_1656424704.jpg
321,Mouton,110000,"Dakar, Sénégal",https://images.coinafrique.com/thumb_3761609_uploaded_image1_1656409254.jpg
322,Moutons ,Prixsurdemande,"Mbao, Dakar, Sénégal",https://images.coinafrique.com/thumb_3761486_uploaded_image1_1656400664.jpg
323,Mouton xar,235000,"Dakar, Sénégal",https://images.coinafrique.com/thumb_3761377_uploaded_image1_1656376286.jpg
324,Mouton ,Prixsurdemande,"Mermoz-Sacré Coeur, Dakar, Sénégal",https://images.coinafrique.com/thumb_3760758_uploaded_image1_1656345797.jpg
325,Mouton,150000,"Rufisque, Sénégal",https://images.coinafrique.com/thumb_3759509_uploaded_image1_1656269307.jpg
326,Mouton,110000,"Dakar, Sénégal",https://images.coinafrique.com/thumb_3759500_uploaded_image1_1656268009.jpg
327,Mouton,300000,"Diourbel, Sénégal",https://images.coinafrique.com/thumb_3758961_uploaded_image1_1656243114.jpg
328,Mouton,170000,"Saint Louis, Sénégal",https://images.coinafrique.com/thumb_3758372_uploaded_image1_1656177272.jpg
329,Mouton,145000,"Saint Louis, Sénégal",https://images.coinafrique.com/thumb_3758138_uploaded_image1_1656164593.jpg
330,Mouton  ,300000,"Guediawaye, Dakar, Sénégal",https://images.coinafrique.com/thumb_3757978_uploaded_image1_1656159102.jpg
331,Moutons,130000,"Saint Louis, Sénégal",https://images.coinafrique.com/thumb_3757730_uploaded_image1_1656146489.jpg
332,Mouton,195000,"Saint Louis, Sénégal",https://images.coinafrique.com/thumb_3757550_uploaded_image1_1656116714.jpg
333,Mouton,120000,"Saint Louis, Sénégal",https://images.coinafrique.com/thumb_3757545_uploaded_image1_1656116432.jpg
334,Mouton ladoum,700000,"Mbour, Sénégal",https://images.coinafrique.com/thumb_3757329_uploaded_image1_1656102822.jpg
335,Mouton,Prixsurdemande,"Niaga, Sénégal",https://images.coinafrique.com/thumb_3756002_uploaded_image2_1656023010.jpeg
